st01,,1000,1000,0
bs01,,5685.191,1000,-1118.051
ref01,,2759.667,3198.864,-931.989
hole1,,2798.316,3161.643,-894.574
hole2,,2849.917,3107.702,-895.332
hole3,,3036.756,2896.289,-877.906
hole4,,3058.002,2917.051,-878.032
hole5,,3143.214,2878.396,-921.972
hole6,,3168.772,2901.112,-888.859
hole7,,3183.334,2915.964,-889.897
hole8,,3188.058,2833.382,-889.408
hole9,,3211.269,2857.842,-889.812
hole10,,3225.278,2872.429,-889.531
hole11,,3337.192,3021.984,-859.597
hole12,,3400.681,3089.96,-859.877
hole13,,3584.52,3212.735,-890.291
hole14,,3660.034,3286.928,-891.82
hole15,,3682.314,3402.394,-890.112
hole16,,3725.157,3359.243,-889.694
hole17,,3668.957,3514.45,-879.267
hole18,,3690.439,3535.251,-879.179
hole19,,3431.841,3778.928,-896.255
hole20,,2955.602,3126.865,-908.243
hole21,,3068.243,3236.119,-910.403
hole22,,3023.973,3057.678,-910.563
hole23,,3135.311,3165.984,-911.24
re_hole1,,2798.23,3161.463,-893.764
re_hole2,,2850.182,3108.591,-894.665
re_hole3,,3036.398,2896.501,-876.584
re_hole4,,3058.378,2917.42,-877.185
re_hole5,,3144.44,2878.111,-921.945
re_hole6,,3168.613,2901.053,-887.403
re_hole7,,3183.495,2916.079,-888.984
re_hole8,,3188.106,2833.982,-888.32
re_hole9,,3211.649,2857.842,-887.918
re_hole10,,3224.897,2873.044,-887.995
re_hole11,,3334.747,3024.975,-858.271
re_hole12,,3400.797,3089.328,-858.715
re_hole13,,3585.127,3211.877,-891.054
re_hole14,,3660.77,3285.747,-892.405
re_hole15,,3682.534,3401.942,-889.836
re_hole16,,3725.105,3358.848,-890.481
re_hole17,,3669.266,3514.229,-880.33
re_hole18,,3689.811,3535.271,-879.013
re_hole19,,3431.816,3778.677,-894.474
re_hole20,,2957.304,3127.33,-908.957
re_hole21,,3068.607,3236.265,-910.335
re_hole22,,3023.595,3057.212,-909.398
re_hole23,,3135.436,3165.649,-911.36
re1_hole1,,2797.668,3161.738,-893.932
re1_hole2,,2849.867,3108.652,-894.648
re1_hole3,,3036.511,2896.508,-876.605
re1_hole4,,3057.512,2917.877,-877.076
re1_hole5,,3144.768,2878.459,-922.096
re1_hole6,,3169.437,2901.805,-888.437
re1_hole7,,3183.801,2915.586,-888.645
re1_hole8,,3188.196,2834.085,-888.289
re1_hole9,,3211.756,2857.432,-888.815
re1_hole10,,3225.932,2872.507,-889.066
re1_hole11,,3336.209,3024.279,-859.332
re1_hole12,,3404.148,3089.718,-859.334
re1_hole13,,3585.506,3212.666,-891.863
re1_hole14,,3660.526,3286.22,-892.53
re1_hole15,,3682.415,3402.921,-890.384
re1_hole16,,3724.93,3359.595,-890.708
re1_hole17,,3669.152,3514.814,-879.135
re1_hole18,,3690.348,3535.247,-879.124
re1_hole19,,3431.803,3779.314,-895.67
re1_hole20,,2956.527,3126.696,-909.013
re1_hole21,,3068.591,3236.175,-910.175
re1_hole22,,3023.345,3057.359,-909.289
re1_hole23,,3135.515,3166.503,-911.514
